<?xml version="1.0" encoding="utf-8" ?>
<dwsync>
<file name="img01.jpg" server="C:/wamp/www/ABU-SADIQ MOSQUE/" local="129548212140000000" remote="129548212140000000" />
<file name="img03.jpg" server="C:/wamp/www/ABU-SADIQ MOSQUE/" local="129829569145887401" remote="129829569140000000" />
<file name="img08.jpg" server="C:/wamp/www/ABU-SADIQ MOSQUE/" local="129548212140000000" remote="129548212140000000" />
<file name="img02.jpg" server="C:/wamp/www/ABU-SADIQ MOSQUE/" local="129548212140000000" remote="129548212140000000" />
<file name="img06.jpg" server="C:/wamp/www/ABU-SADIQ MOSQUE/" local="129548212140000000" remote="129548212140000000" />
<file name="img04.jpg" server="C:/wamp/www/ABU-SADIQ MOSQUE/" local="129548212140000000" remote="129548212140000000" />
<file name="img05.jpg" server="C:/wamp/www/ABU-SADIQ MOSQUE/" local="129548212140000000" remote="129548212140000000" />
<file name="img10.gif" server="C:/wamp/www/ABU-SADIQ MOSQUE/" local="129548212140000000" remote="129548212140000000" />
<file name="img09.jpg" server="C:/wamp/www/ABU-SADIQ MOSQUE/" local="129548212140000000" remote="129548212140000000" />
<file name="img07.jpg" server="C:/wamp/www/ABU-SADIQ MOSQUE/" local="129548212140000000" remote="129548212140000000" />
</dwsync>